,Cities,Cloudiness,Country,Date,Humidity,Lat,Lng,Max Temp,Wind Speed
0,Cape Town,0,ZA,1541181600,63,-33.93,18.42,64.4,12.75
1,Saint George,0,GR,1541181000,93,39.45,22.34,60.8,3.15
2,Ushuaia,75,AR,1541181600,43,-54.81,-68.31,51.8,17.22
3,Atuona,0,PF,1541185150,100,-9.8,-139.03,80.78,11.99
4,Harper,1,US,1541182500,34,30.3,-99.24,68.9,10.29
5,Pangnirtung,20,CA,1541181600,52,66.15,-65.72,15.8,3.36
6,Sindor,48,RU,1541185150,96,62.87,51.9,32.05,3.49
7,Rikitea,92,PF,1541185151,100,-23.12,-134.97,71.83,16.35
8,Severo-Kurilsk,48,RU,1541185151,92,50.68,156.12,41.45,20.83
9,Saint-Philippe,90,CA,1541182920,100,45.36,-73.48,41.0,12.75
10,Arraial do Cabo,75,BR,1541185200,69,-22.97,-42.02,80.6,4.7
11,Santa Isabel,75,CO,1541181600,74,4.71,-75.1,80.6,8.05
12,Kodiak,90,US,1541184780,71,39.95,-94.76,50.0,8.05
13,Shelburne,90,CA,1541183040,93,44.08,-80.2,41.0,5.82
14,Qaanaaq,0,GL,1541185152,100,77.48,-69.36,0.73,8.75
15,Butaritari,0,KI,1541185153,100,3.07,172.79,84.97,10.65
16,Punta Arenas,75,CL,1541181600,36,-53.16,-70.91,60.8,11.41
17,Busselton,44,AU,1541185153,100,-33.64,115.35,58.64,13.0
18,Buala,80,SB,1541185154,94,-8.15,159.59,81.23,9.98
19,Katsuura,0,JP,1541185154,100,33.93,134.5,49.37,4.61
20,Hilo,1,US,1541181360,63,19.71,-155.08,73.04,4.7
21,Upernavik,24,GL,1541185154,100,72.79,-56.15,19.63,2.37
22,New Norfolk,40,AU,1541183400,75,-42.78,147.06,44.6,19.46
23,Tshikapa,44,CD,1541185155,89,-6.42,20.79,75.47,3.27
24,Mataura,80,NZ,1541185155,69,-46.19,168.86,61.21,21.27
25,Lerwick,48,GB,1541182800,86,60.15,-1.15,46.4,11.41
26,Kapaa,40,US,1541181360,74,22.08,-159.32,80.06,12.75
27,Salina Cruz,12,MX,1541185156,68,16.18,-95.2,85.51,8.41
28,Yellowknife,90,CA,1541183280,92,62.45,-114.38,26.6,10.29
29,Barrow,92,AR,1541185038,98,-38.31,-60.23,51.4,17.25
30,Rorvik,75,NO,1541182800,100,64.86,11.24,42.8,8.05
31,Provideniya,76,RU,1541185156,100,64.42,-173.23,36.77,21.72
32,Mar del Plata,32,AR,1541185157,49,-46.43,-67.52,62.42,13.44
33,Hit,44,IQ,1541185157,55,33.64,42.83,59.32,2.59
34,Saldanha,12,PT,1541185157,83,41.42,-6.55,54.14,3.6
35,Bredasdorp,0,ZA,1541181600,72,-34.53,20.04,62.6,19.46
36,Albany,90,US,1541184720,96,42.65,-73.75,62.06,4.7
37,Luderitz,12,NA,1541185158,72,-26.65,15.16,61.07,3.94
38,Jamestown,0,AU,1541184992,86,-33.21,138.6,52.52,7.29
39,Donskoye,0,RU,1541181600,70,45.45,41.98,44.6,24.61
40,Dukat,20,RS,1541185158,83,42.44,22.31,56.75,1.36
41,Byron Bay,0,AU,1541183400,72,-28.65,153.62,68.0,9.17
42,Hammerfest,0,NO,1541182800,97,70.66,23.68,42.8,20.8
43,Rajampet,48,IN,1541185159,96,14.19,79.16,73.27,2.59
44,Oranjestad,40,AW,1541181600,66,12.52,-70.03,87.8,21.92
45,Tongliao,0,CN,1541185159,61,43.61,122.27,49.15,14.45
46,Hithadhoo,88,MV,1541185160,100,-0.6,73.08,82.49,12.77
47,Chenghai,90,CN,1541181600,93,23.46,116.77,66.2,20.49
48,Bluff,0,AU,1541185160,94,-23.58,149.07,61.43,5.39
49,Tuktoyaktuk,90,CA,1541181600,92,69.44,-133.03,12.2,8.05
50,Ondangwa,0,NA,1541185161,23,-17.91,15.98,81.32,3.15
51,Pinega,56,RU,1541185161,96,64.7,43.39,30.2,2.82
52,Puerto Ayora,75,EC,1541181600,65,-0.74,-90.35,77.0,9.17
53,Dakar,0,SN,1541181600,74,14.69,-17.45,80.6,6.93
54,Along,64,IN,1541185161,82,28.17,94.8,59.54,2.04
55,San Ramon,40,NI,1541181600,51,12.92,-85.84,80.6,2.59
56,Airai,24,TL,1541185162,88,-8.93,125.41,65.53,1.7
57,Burnie,24,AU,1541185162,100,-41.05,145.91,53.47,33.35
58,Kaitangata,56,NZ,1541185162,82,-46.28,169.85,54.91,9.53
59,Bambous Virieux,20,MU,1541181600,78,-20.34,57.76,75.2,8.05
60,Whitianga,68,NZ,1541185163,100,-36.83,175.7,57.16,14.79
61,Dingle,8,PH,1541185163,92,11.0,122.67,77.05,7.74
62,Ribeira Grande,20,PT,1541183400,94,38.52,-28.7,69.8,8.05
63,Hermanus,0,ZA,1541185164,44,-34.42,19.24,66.7,5.17
64,Krasnovishersk,92,RU,1541185164,97,60.4,57.08,36.73,7.4
65,Pisco,0,PE,1541181600,30,-13.71,-76.2,71.6,10.29
66,New Bern,75,US,1541183100,93,35.11,-77.04,78.08,6.93
67,Sal Rei,0,CV,1541181600,69,16.18,-22.92,80.6,17.22
68,Vaini,64,IN,1541185165,74,15.34,74.49,75.52,4.5
69,Soe,24,EE,1541181000,100,57.91,26.05,50.0,6.93
70,Necochea,92,AR,1541185165,100,-38.55,-58.74,50.32,15.01
71,Sydney,0,AU,1541183400,69,-33.85,151.22,73.4,8.05
72,Cabo San Lucas,5,MX,1541180880,54,22.89,-109.91,82.4,6.4
73,College,1,US,1541181480,85,64.86,-147.8,3.92,7.07
74,Leh,80,IN,1541185166,65,34.16,77.58,8.42,2.37
75,Klaksvik,68,FO,1541182800,81,62.23,-6.59,42.8,18.34
76,Bintulu,75,MY,1541181600,100,3.17,113.03,77.0,4.7
77,Avarua,40,CK,1541181600,73,-21.21,-159.78,77.0,12.75
78,Kihei,20,US,1541181360,69,20.76,-156.45,80.06,13.87
79,Aksu,90,KZ,1541181600,92,52.04,76.93,30.2,20.13
80,Kharopon,32,GR,1541185167,88,41.27,23.38,52.43,1.7
81,Nikolskoye,90,RU,1541181600,93,59.7,30.79,44.6,4.47
82,Faanui,92,PF,1541185168,100,-16.48,-151.75,77.95,18.37
83,Moranbah,44,AU,1541185168,98,-22.0,148.04,63.14,6.96
84,Castro,75,CL,1541185200,66,-42.48,-73.76,84.2,2.59
85,Teya,90,MX,1541180640,66,21.05,-89.07,84.2,3.49
86,Yamada,75,JP,1541181600,81,36.58,137.08,51.8,3.36
87,Uvalde,1,US,1541182500,44,29.21,-99.79,71.96,6.93
88,Maragogi,0,BR,1541185169,70,-9.01,-35.22,83.84,12.21
89,Gediz,0,TR,1541185170,52,38.99,29.39,44.92,3.49
90,Tasiilaq,40,GL,1541181000,58,65.61,-37.64,28.4,5.82
91,Mercedes,64,UY,1541185170,62,-33.25,-58.03,77.5,8.75
92,Leningradskiy,88,RU,1541185170,100,69.38,178.42,21.02,1.59
93,Talnakh,24,RU,1541185170,66,69.49,88.39,-0.85,6.73
94,Mazara del Vallo,20,IT,1541181300,82,37.65,12.59,62.6,9.17
95,Razdolinsk,76,RU,1541185171,73,58.42,94.62,20.17,9.42
96,Iqaluit,20,CA,1541181600,71,63.75,-68.52,5.0,9.17
97,Aitape,80,PG,1541185171,100,-3.15,142.36,77.0,3.83
98,Kendari,12,ID,1541185171,91,-3.99,122.52,73.85,2.59
99,Victoria,90,BN,1541183400,78,5.28,115.24,82.4,4.7
100,Chitral,76,PK,1541185172,90,35.85,71.79,14.5,0.92
101,Flinders,0,AU,1541183400,50,-34.58,150.85,75.2,18.34
102,East London,20,ZA,1541181600,67,-33.02,27.91,60.8,9.17
103,Adrar,0,DZ,1541181600,29,27.87,-0.29,75.2,11.41
104,Beringovskiy,92,RU,1541185173,100,63.05,179.32,32.95,9.19
105,Chokurdakh,68,RU,1541185173,59,70.62,147.9,-1.8,3.04
106,Dikson,44,RU,1541185173,100,73.51,80.55,22.64,6.85
107,Fare,92,PF,1541185174,100,-16.7,-151.02,75.97,21.83
108,Dunkwa,80,GH,1541185174,95,5.97,-1.78,74.35,3.15
109,Mount Gambier,92,AU,1541185174,67,-37.83,140.78,55.49,10.42
110,Banda Aceh,24,ID,1541184902,100,5.56,95.32,74.17,2.59
111,Bathsheba,20,BB,1541181600,66,13.22,-59.52,87.8,21.92
112,Alta Floresta,40,BR,1541181600,62,-9.87,-56.08,89.6,8.05
113,Totness,90,US,1541183400,93,33.74,-80.8,71.6,6.93
114,Pacific Grove,1,US,1541183700,40,36.62,-121.92,69.8,0.47
115,Cidreira,0,BR,1541185175,76,-30.17,-50.22,73.18,14.9
116,Georgetown,40,GY,1541181600,83,6.8,-58.16,82.4,6.93
117,Dunedin,92,NZ,1541185014,64,-45.87,170.5,58.82,13.56
118,Sechura,56,PE,1541185176,76,-5.56,-80.82,74.98,7.52
119,Kenora,90,CA,1541183940,80,49.76,-94.48,33.8,5.82
120,Coihaique,75,CL,1541181600,33,-45.58,-72.07,62.6,10.29
121,Ulaangom,8,MN,1541185177,51,49.98,92.07,-13.68,2.37
122,Ponta do Sol,36,BR,1541185177,63,-20.63,-46.0,84.43,4.94
123,Torbay,75,CA,1541181600,65,47.66,-52.73,46.4,14.99
124,Te Anau,80,NZ,1541185126,74,-45.41,167.72,55.81,16.35
125,Cotonou,40,BJ,1541181600,79,6.37,2.43,84.2,8.05
126,Semnan,8,IR,1541185178,64,35.58,53.39,41.95,3.94
127,Makakilo City,75,US,1541184180,100,21.35,-158.09,78.98,3.36
128,Yerbogachen,64,RU,1541185179,54,61.28,108.01,12.25,7.85
129,Ponferrada,8,ES,1541185179,96,42.55,-6.59,46.36,2.15
130,Kavaratti,20,IN,1541185179,96,10.57,72.64,86.27,4.27
131,Bonthe,36,SL,1541185180,94,7.53,-12.5,79.75,1.48
132,Hobart,40,AU,1541183400,75,-42.88,147.33,44.6,19.46
133,Vardo,40,US,1541184420,77,39.62,-77.74,69.98,4.72
134,Okato,92,NZ,1541185180,100,-39.19,173.88,54.68,14.79
135,Geraldton,90,CA,1541184120,55,49.72,-86.95,35.6,2.24
136,Sitka,64,US,1541185181,37,37.17,-99.65,55.27,10.98
137,Thompson,75,CA,1541181600,79,55.74,-97.86,21.2,4.7
138,Agadez,0,NE,1541181600,15,16.97,7.99,89.6,11.41
139,Abu Kamal,0,SY,1541185181,75,34.45,40.92,49.64,2.71
140,Upata,100,VE,1541185182,83,8.02,-62.41,78.62,10.42
141,San Andres,76,PH,1541185182,99,13.32,122.68,83.26,11.21
142,Honiara,40,SB,1541181600,88,-9.43,159.96,75.2,3.36
143,Cabedelo,75,BR,1541181600,62,-6.97,-34.84,84.2,12.75
144,Puerto del Rosario,75,ES,1541183400,73,28.5,-13.86,71.6,25.28
145,Hervey Bay,68,AU,1541185183,100,-25.3,152.85,72.1,7.63
146,Petropavlovsk-Kamchatskiy,0,RU,1541181600,79,53.05,158.65,24.8,8.95
147,Syracuse,75,US,1541183220,82,43.05,-76.15,64.04,3.36
148,Vila Franca do Campo,75,PT,1541183400,88,37.72,-25.43,68.0,8.05
149,Isangel,64,VU,1541185184,100,-19.55,169.27,74.12,25.52
150,Komsomolskiy,68,RU,1541185185,85,67.55,63.78,24.08,10.65
151,Kandi,32,BJ,1541185185,56,11.13,2.93,82.63,2.93
152,Buraydah,75,SA,1541181600,100,26.33,43.97,59.0,13.87
153,Bethel,1,US,1541181180,87,60.79,-161.76,17.06,17.22
154,Nanortalik,36,GL,1541185186,95,60.14,-45.24,32.54,9.86
155,Tripoli,20,GR,1541182800,88,37.51,22.37,64.4,1.81
156,Beoumi,0,CI,1541185187,70,7.67,-5.58,84.52,2.93
157,Itarema,12,BR,1541185187,56,-2.92,-39.92,89.33,16.13
158,Olinda,75,EC,1541181600,58,-2.03,-79.75,84.2,9.17
159,Camden,75,US,1541184000,75,39.94,-75.12,73.94,8.05
160,Padang,76,ID,1541185188,100,-0.92,100.36,78.67,2.71
161,Mareeba,75,AU,1541183400,78,-16.99,145.42,75.2,12.75
162,Novo Aripuana,64,BR,1541185188,95,-5.12,-60.38,79.03,2.26
163,Polczyn-Zdroj,56,PL,1541185189,80,53.76,16.1,49.42,10.2
164,Pangody,56,RU,1541185189,79,65.85,74.49,8.87,19.71
165,Port Alfred,0,ZA,1541185189,86,-33.59,26.89,63.46,15.23
166,Tadine,20,NC,1541185189,100,-21.55,167.88,71.83,22.06
167,Pevek,76,RU,1541185190,100,69.7,170.27,8.65,4.61
168,Vanavara,32,RU,1541185190,61,60.35,102.28,12.07,7.18
169,Lexington,90,US,1541183940,79,38.05,-84.5,46.04,4.7
170,Birao,20,CF,1541185192,46,10.3,22.78,81.82,3.94
171,Tual,64,ID,1541185192,100,-5.67,132.75,84.16,8.41
172,Delta del Tigre,0,UY,1541185200,63,-34.76,-56.41,62.6,19.46
173,Souillac,0,FR,1541183400,81,45.6,-0.6,50.0,6.93
174,Vila Velha,20,BR,1541181600,62,-3.71,-38.6,86.0,16.11
175,Rio Grande,0,BR,1541181600,53,-32.03,-52.1,73.4,16.11
176,Mogadishu,0,SO,1541184917,98,2.04,45.34,80.6,12.44
177,Colwyn Bay,0,GB,1541182800,70,53.29,-3.71,51.8,4.7
178,Constitucion,5,MX,1541180580,44,23.99,-104.67,60.8,5.82
179,Sorland,75,NO,1541182800,87,67.67,12.69,46.4,23.04
180,Sindou,12,BF,1541185194,74,10.66,-5.16,82.36,3.27
181,Ordu,0,TR,1541185194,91,40.98,37.88,42.44,1.81
182,Tiksi,64,RU,1541185194,57,71.64,128.87,-6.3,4.94
183,General Pico,0,AR,1541185194,63,-35.66,-63.75,79.93,10.09
184,Goundam,0,ML,1541185194,30,16.42,-3.66,88.75,11.77
185,Marburg,75,DE,1541182800,76,50.81,8.78,48.2,3.36
186,Kiruna,92,SE,1541182800,100,67.86,20.23,33.8,8.05
187,Zhangjiakou,0,CN,1541185195,79,40.77,114.88,26.11,2.59
188,Esperance,40,TT,1541181600,79,10.24,-61.45,84.2,6.93
189,Fukue,75,JP,1541181600,67,35.03,136.69,57.2,14.99
190,Darnah,0,LY,1541185196,99,32.77,22.64,73.45,10.54
191,Marsh Harbour,24,BS,1541185196,96,26.54,-77.06,82.22,16.02
192,Aldan,68,RU,1541185196,55,58.61,125.39,15.62,9.08
193,Ugoofaaru,0,MV,1541185197,100,5.67,73.0,83.35,4.83
194,Tupik,0,RU,1541185197,51,54.43,119.94,12.25,6.4
195,Saskylakh,56,RU,1541185197,82,71.97,114.09,3.47,9.75
196,Beloha,80,MG,1541185197,82,-25.17,45.06,70.52,6.73
197,Campoverde,40,IT,1541182800,77,41.54,12.73,66.2,18.34
198,Preobrazheniye,0,RU,1541185198,71,42.9,133.91,18.95,1.92
199,Taoudenni,0,ML,1541185198,27,22.68,-3.98,73.45,5.5
200,Surgut,40,RU,1541181600,79,61.25,73.4,21.2,20.13
201,Fortuna,0,ES,1541183400,55,38.18,-1.13,64.4,3.36
202,Sinnamary,20,GF,1541185199,92,5.38,-52.96,83.03,5.39
203,Pascagoula,20,US,1541184780,46,30.37,-88.56,66.02,10.29
204,Lasa,0,CY,1541183400,55,34.92,32.53,69.8,5.82
205,Tura,8,IN,1541185200,90,25.52,90.21,66.92,2.26
206,Santa Marta,90,CO,1541181600,79,11.24,-74.21,84.2,11.41
207,San Cristobal,75,EC,1541181600,42,-0.39,-78.55,66.2,10.29
208,Port Hardy,75,CA,1541181600,87,50.7,-127.42,51.8,8.05
209,Zyryanka,68,RU,1541185204,80,65.73,150.89,8.56,2.93
210,Monrovia,75,LR,1541179800,74,6.33,-10.8,86.0,5.82
211,Mamallapuram,40,IN,1541183400,94,12.63,80.17,80.6,7.4
212,Letterkenny,75,IE,1541182800,81,54.95,-7.73,46.4,21.92
213,Iquitos,75,PE,1541181600,66,-3.75,-73.25,86.0,5.82
214,Sangar,76,RU,1541185208,84,63.92,127.47,12.16,4.94
215,Bambanglipuro,24,ID,1541185209,90,-7.95,110.28,72.91,2.48
216,San Quintin,20,PH,1541181600,94,17.54,120.52,78.8,2.24
217,Fort Nelson,90,CA,1541181600,79,58.81,-122.69,21.2,8.05
218,Yulara,12,AU,1541181600,37,-25.24,130.99,84.2,8.05
219,Half Moon Bay,40,US,1541181360,74,37.46,-122.43,71.6,4.7
220,Llorente,88,PH,1541185281,100,11.41,125.55,76.28,4.72
221,Guerrero Negro,0,MX,1541185212,38,27.97,-114.04,77.23,3.38
222,Shenjiamen,88,CN,1541185213,87,29.96,122.3,68.72,17.47
223,Havre-Saint-Pierre,1,CA,1541181600,86,50.23,-63.6,39.2,5.82
224,Lebu,0,ET,1541185214,60,8.96,38.73,52.88,4.94
225,Mitzic,80,GA,1541185215,95,0.78,11.55,72.32,2.71
226,Quelimane,20,MZ,1541181600,78,-17.88,36.89,78.8,6.93
227,Alofi,90,NU,1541181600,94,-19.06,-169.92,71.6,6.93
228,Tias,20,ES,1541183400,68,28.96,-13.65,71.6,24.16
229,Ilulissat,75,GL,1541181000,51,69.22,-51.1,14.0,18.34
230,Tuatapere,24,NZ,1541185218,75,-46.13,167.69,60.4,21.27
231,Fairbanks,1,US,1541181480,85,64.84,-147.72,3.92,7.07
232,Lompoc,1,US,1541181360,30,34.64,-120.46,82.04,3.71
233,Baghdad,0,IQ,1541181600,38,33.3,44.38,73.4,2.24
234,Galveston,90,US,1541183700,70,40.58,-86.19,48.02,8.05
235,Ayan,0,TR,1541185219,63,40.67,33.6,33.76,1.59
236,Hualmay,0,PE,1541185220,62,-11.1,-77.61,73.18,4.72
237,Coquimbo,0,CL,1541181600,60,-29.95,-71.34,68.0,13.87
238,Camacupa,12,AO,1541185222,55,-12.02,17.48,72.28,2.93
239,Luwuk,48,ID,1541185292,96,-0.95,122.79,78.67,1.36
240,Cairns,75,AU,1541183400,78,-16.92,145.77,75.2,12.75
241,Tynda,0,RU,1541185223,60,55.15,124.74,11.26,5.06
242,Mapimi,5,MX,1541180640,46,25.82,-103.85,71.6,5.82
243,Agustin Codazzi,75,CO,1541181600,70,10.03,-73.24,86.0,10.29
244,Ostrovnoy,20,RU,1541185225,92,68.05,39.51,27.59,8.97
245,Namatanai,88,PG,1541185226,100,-3.66,152.44,79.21,7.74
246,Arkhangelsk,90,RU,1541181600,100,64.54,40.54,35.6,2.24
247,Shu,44,KZ,1541185227,69,43.6,73.76,22.6,2.93
248,Hasaki,20,JP,1541181600,100,35.73,140.83,46.4,3.36
249,Hershey,90,US,1541181360,75,40.29,-76.65,69.08,4.7
250,Kabo,20,CF,1541185227,54,7.69,18.62,83.93,12.1
251,Inhambane,40,MZ,1541181600,83,-23.87,35.38,73.4,11.41
252,Erzin,0,TR,1541182800,63,36.95,36.2,66.2,4.7
253,Ancud,75,CL,1541185200,66,-41.87,-73.83,84.2,3.27
254,Colares,75,PT,1541183400,87,38.8,-9.45,64.4,9.17
255,Codrington,0,AU,1541185229,78,-28.95,153.24,64.4,6.73
256,Ust-Kuyga,36,RU,1541185229,68,70.0,135.55,-15.84,3.38
257,Inirida,8,CO,1541185229,70,3.87,-67.92,88.12,2.15
258,Carnarvon,0,ZA,1541185230,14,-30.97,22.13,55.49,4.72
259,Gat,0,SN,1541181600,32,14.69,-16.54,96.8,4.7
260,Gigmoto,80,PH,1541185230,100,13.78,124.39,79.93,8.3
261,Qostanay,90,KZ,1541181600,91,53.17,63.58,37.4,13.42
262,Cockburn Town,0,TC,1541185230,99,21.46,-71.14,82.04,18.25
263,Edmonds,90,US,1541183700,72,47.81,-122.38,59.0,8.05
264,Merauke,8,ID,1541185231,92,-8.49,140.4,78.89,13.33
265,Verkhnevilyuysk,88,RU,1541185231,66,63.45,120.31,10.49,9.42
266,Port Elizabeth,75,US,1541184900,81,39.31,-74.98,71.96,6.93
267,Bilibino,68,RU,1541185303,68,68.06,166.44,-2.16,2.59
268,Mamburao,8,PH,1541185233,100,13.22,120.6,77.18,7.07
269,Stephenville,1,US,1541182500,32,32.22,-98.2,71.6,10.29
270,Srednekolymsk,56,RU,1541185234,76,67.46,153.71,7.57,4.38
271,Tabou,88,CI,1541185234,100,4.42,-7.36,81.1,11.1
272,Tuim,80,RU,1541185234,88,54.34,89.93,19.94,13.0
273,Itoman,75,JP,1541183400,83,26.12,127.67,73.4,11.41
274,Usinsk,80,RU,1541185235,91,66.0,57.56,27.37,5.61
275,Road Town,40,VG,1541185200,62,18.42,-64.62,87.8,10.29
276,Rio Gallegos,40,AR,1541181600,23,-51.62,-69.22,64.4,25.28
277,Otradnoye,90,RU,1541181600,93,59.77,30.8,44.6,4.47
278,Henties Bay,0,NA,1541185236,86,-22.12,14.28,63.95,3.38
279,Hambantota,48,LK,1541185236,100,6.12,81.12,78.58,3.71
280,Atasu,80,KZ,1541185236,60,48.68,71.64,26.02,14.79
281,Yucaipa,1,US,1541181480,22,34.03,-117.04,84.92,2.59
282,Morant Bay,20,JM,1541181600,62,17.88,-76.41,86.0,20.8
283,Saint-Leu,20,RE,1541183400,78,-21.15,55.28,73.4,2.24
284,Dauphin,88,CA,1541185237,86,51.15,-100.04,27.5,5.06
285,Quevedo,80,EC,1541185079,100,-1.02,-79.47,65.62,3.15
286,Cap-aux-Meules,90,CA,1541181600,86,47.38,-61.86,41.0,8.05
287,Tongchuan,0,CN,1541181600,43,34.9,108.95,55.4,11.18
288,Krivosheino,88,RU,1541185238,92,57.34,83.93,27.68,15.57
289,Timmins,90,CA,1541181600,74,48.48,-81.33,30.2,8.05
290,Sioux Lookout,90,CA,1541181600,82,50.1,-91.92,32.0,2.24
291,Niquelandia,36,BR,1541185228,85,-14.47,-48.46,84.52,4.05
292,Berga,0,ES,1541183400,81,42.1,1.85,53.6,3.36
293,Cherskiy,32,RU,1541185240,58,68.75,161.3,-1.44,0.69
294,Shimoda,75,JP,1541182200,81,34.7,138.93,53.6,2.24
295,Kurilsk,0,RU,1541185242,100,45.23,147.88,45.68,11.99
296,Manbij,0,SY,1541182800,58,36.53,37.96,53.6,3.36
297,Eureka,90,US,1541184000,87,40.8,-124.16,60.98,10.29
298,Sao Filipe,36,CV,1541185242,85,14.9,-24.5,81.77,14.0
299,Mecca,12,SA,1541185042,74,21.43,39.83,71.38,6.96
300,Aden,0,YE,1541185243,96,12.79,45.03,81.77,12.33
301,Nouadhibou,0,MR,1541181600,56,20.93,-17.03,73.4,16.11
302,Maroantsetra,0,MG,1541185243,100,-15.43,49.74,70.12,3.38
303,Sabang,76,PH,1541185244,92,13.72,123.58,80.6,7.85
304,Belokurikha,56,RU,1541185244,62,52.0,84.99,22.96,6.17
305,Berlevag,0,NO,1541181000,80,70.86,29.09,39.2,20.8
306,Cayenne,75,GF,1541183400,66,4.94,-52.33,87.8,11.41
307,Tautira,20,PF,1541183400,62,-17.73,-149.15,84.2,3.36
308,Los Llanos de Aridane,75,ES,1541183400,73,28.66,-17.92,71.6,14.99
309,Ahipara,0,NZ,1541185246,97,-35.17,173.16,53.42,11.1
310,Amlame,48,TG,1541185247,80,7.47,0.9,78.62,4.72
311,Zhaotong,80,CN,1541185247,100,27.34,103.71,43.57,2.71
312,Hay River,90,CA,1541183040,92,60.82,-115.79,24.8,3.36
313,Graaff-Reinet,0,ZA,1541185248,32,-32.25,24.53,59.0,7.4
314,Bom Jesus,12,BR,1541185069,26,-9.08,-44.36,100.36,6.06
315,Santa Fe,0,AR,1541185249,66,-31.62,-60.7,82.18,11.32
316,Kruisfontein,8,ZA,1541185249,81,-34.0,24.73,61.57,19.71
317,Flin Flon,90,CA,1541181600,54,54.77,-101.88,28.4,4.7
318,Wajima,12,JP,1541185249,100,37.4,136.9,47.71,1.7
319,Nishihara,1,JP,1541181600,79,35.74,139.53,57.2,3.71
320,Puerto Suarez,75,BO,1541181600,63,-18.96,-57.8,91.4,5.82
321,Dapaong,24,TG,1541185251,57,10.86,0.2,86.0,1.7
322,Bubaque,20,GW,1541181600,52,11.28,-15.83,91.4,3.36
323,Tahe,76,CN,1541185252,73,52.34,124.71,28.58,7.4
324,Vostok,0,RU,1541185253,67,46.45,135.83,17.02,3.15
325,Keetmanshoop,0,NA,1541181600,7,-26.57,18.15,80.6,5.82
326,Hays,1,US,1541181360,43,38.88,-99.33,51.08,14.99
327,Sao Felix do Xingu,76,BR,1541185253,82,-6.64,-51.99,81.55,2.93
328,Chuy,20,UY,1541185254,81,-33.69,-53.46,67.6,11.99
329,Terenos,40,BR,1541181600,58,-20.44,-54.87,84.2,8.05
330,Christchurch,92,NZ,1541183400,71,-43.53,172.64,55.4,9.17
331,Naze,75,NG,1541181600,94,5.43,7.07,75.2,2.24
332,Manjacaze,92,MZ,1541185255,98,-24.71,33.88,66.74,17.25
333,Meadow Lake,90,CA,1541181600,80,54.13,-108.44,30.2,12.75
334,Kalmunai,88,LK,1541185256,98,7.42,81.82,76.15,3.27
335,Valdivia,90,CL,1541181600,100,-39.81,-73.25,53.6,4.7
336,Hami,80,CN,1541185257,77,42.84,93.51,32.27,3.04
337,Sailana,36,IN,1541185257,61,23.46,74.92,72.46,3.49
338,Chaihe,0,CN,1541185327,64,44.77,129.68,23.9,3.71
339,Cap Malheureux,20,MU,1541181600,78,-19.98,57.61,75.2,8.05
340,Panama City,75,US,1541182260,72,30.16,-85.65,66.38,10.29
341,Kahului,20,US,1541181360,69,20.89,-156.47,80.06,13.87
342,Marawi,36,PH,1541185259,94,8.0,124.29,67.73,2.37
343,Dolores,64,AR,1541185259,69,-36.31,-57.68,61.3,15.46
344,Brockville,90,CA,1541182500,96,44.59,-75.69,42.8,4.7
345,Kirakira,68,SB,1541185260,100,-10.46,161.92,81.37,21.72
346,Serebryansk,40,KZ,1541181600,79,49.68,83.3,19.4,13.42
347,Virginia Beach,90,US,1541182800,81,36.85,-75.98,75.92,12.75
348,Rousinov,0,CZ,1541183400,87,49.2,16.88,53.6,2.24
349,Lorengau,76,PG,1541185262,100,-2.02,147.27,80.87,7.74
350,Ponta Delgada,75,PT,1541183400,88,37.73,-25.67,68.0,8.05
351,Costa Rica,5,MX,1541181000,48,24.59,-107.39,84.2,3.94
352,Baykit,48,RU,1541185263,68,61.68,96.39,10.94,9.42
353,Longyearbyen,75,NO,1541181000,73,78.22,15.63,23.0,20.8
354,Lagoa,20,PT,1541183400,82,37.14,-8.45,64.4,8.05
355,Kieta,76,PG,1541185266,100,-6.22,155.63,76.6,3.6
356,Quatre Cocos,20,MU,1541181600,78,-20.21,57.76,75.2,8.05
357,Miles City,90,US,1541184780,100,46.41,-105.84,35.06,12.75
358,Sawtell,44,AU,1541183400,64,-30.38,153.1,71.6,13.87
359,Ca Mau,68,VN,1541185268,98,9.18,105.15,78.31,7.4
360,Porto Walter,0,BR,1541185016,38,-8.27,-72.74,98.15,2.93
361,Trenggalek,12,ID,1541185269,83,-8.05,111.71,72.73,2.93
362,Grindavik,75,IS,1541181660,80,63.84,-22.43,33.8,19.46
363,Nome,1,US,1541182500,44,30.04,-94.42,69.08,8.05
364,Raudeberg,40,NO,1541182800,100,61.99,5.14,44.6,10.29
365,Mount Isa,44,AU,1541183400,73,-20.73,139.49,75.2,11.21
366,Mount Darwin,88,ZW,1541185270,61,-16.77,31.58,75.43,7.4
367,Calamar,32,CO,1541185270,68,1.96,-72.65,85.82,2.93
368,Riyadh,0,SA,1541181600,53,24.63,46.72,71.6,6.93
369,Taltal,32,CL,1541185270,79,-25.41,-70.49,66.61,3.71
370,Truro,20,GB,1541182800,76,50.26,-5.05,51.8,8.05
371,Mashhad,75,IR,1541181600,80,36.3,59.61,39.2,9.17
372,Camacha,40,PT,1541183400,82,33.08,-16.33,68.0,11.41
373,Mahebourg,20,MU,1541181600,78,-20.41,57.7,75.2,8.05
374,Karlshus,0,NO,1541182800,93,59.35,10.87,42.8,2.24
375,Tandahimba,0,TZ,1541185272,58,-10.76,39.63,77.77,8.97
376,Kedrovyy,40,RU,1541181600,67,56.17,91.82,21.2,13.42
377,Deputatskiy,44,RU,1541185272,74,69.3,139.9,-18.09,2.93
378,San Julian,40,SV,1541184600,55,13.7,-89.56,87.8,2.24
379,Prince Rupert,90,CA,1541181600,87,54.32,-130.32,50.0,11.41
380,Astana,90,KZ,1541181600,100,51.13,71.43,28.4,22.37
381,Luena,48,AO,1541185275,74,-11.78,19.91,73.22,2.93
382,Store Heddinge,0,DK,1541182800,87,55.31,12.39,50.0,11.41
383,Barra do Garcas,40,BR,1541181600,49,-15.89,-52.26,91.4,3.36
384,Alice Springs,0,AU,1541183400,64,-23.7,133.88,73.4,4.7
385,Puerto Ayacucho,40,CO,1541181600,55,5.66,-67.63,91.4,3.71
386,Waddan,88,LY,1541185278,38,29.16,16.14,70.03,3.83
387,Jacareacanga,75,BR,1541181600,79,-6.22,-57.76,86.0,4.7
388,Tarauaca,36,BR,1541185279,56,-8.16,-70.77,92.39,3.71
389,Tsiroanomandidy,92,MG,1541185280,47,-18.77,46.05,75.65,3.38
390,Huarmey,0,PE,1541185280,51,-10.07,-78.15,75.38,4.16
391,Nenjiang,24,CN,1541185281,85,49.17,125.23,32.23,4.27
392,Bara,0,NG,1541185281,46,10.41,10.6,81.1,3.04
393,Bagepalli,40,IN,1541183400,100,13.78,77.8,69.8,5.82
394,Awjilah,12,LY,1541185283,54,29.14,21.3,66.29,8.19
395,Pleszew,12,PL,1541185353,81,51.9,17.79,47.93,2.93
396,Hue,40,VN,1541183400,100,16.47,107.58,69.8,2.24
397,Khatanga,64,RU,1541185284,71,71.98,102.47,1.22,12.77
398,Kongoussi,0,BF,1541185285,26,13.32,-1.53,90.77,6.29
399,Portland,75,US,1541181600,75,45.52,-122.67,62.06,20.8
400,Carauari,20,BR,1541185285,70,-4.88,-66.9,88.57,3.38
401,Onalaska,90,US,1541183760,58,43.88,-91.23,48.2,4.7
402,Norman Wells,75,CA,1541182020,84,65.28,-126.83,8.6,2.24
403,Sao Jose da Coroa Grande,0,BR,1541185183,70,-8.9,-35.15,83.84,12.21
404,Minnedosa,90,CA,1541181600,86,50.25,-99.84,30.2,13.87
405,Goundi,0,TD,1541185287,43,9.36,17.37,80.47,3.15
406,Alugan,92,PH,1541185287,100,12.22,125.48,78.44,6.85
407,Sao Miguel do Araguaia,64,BR,1541185287,85,-13.28,-50.16,87.35,4.61
408,Quarai,0,BR,1541185288,66,-30.39,-56.45,83.39,11.1
409,Nara,0,JP,1541181600,67,34.68,135.8,57.2,9.17
410,Ruteng,8,ID,1541185288,88,-8.61,120.46,69.67,3.83
411,Vao,80,EE,1541185288,96,59.1,26.19,51.58,9.98
412,Arlit,0,NE,1541185288,16,18.74,7.39,78.44,2.71
413,Maputo,75,MZ,1541181600,82,-25.97,32.57,66.2,4.7
414,Moussoro,0,TD,1541185289,44,13.64,16.49,79.21,3.94
415,Tole,40,CM,1541181600,100,4.11,9.25,73.4,4.7
416,Jalu,12,LY,1541185289,47,29.03,21.55,67.87,8.3
417,Namibe,0,AO,1541185290,100,-15.19,12.15,72.73,10.42
418,La Ronge,90,CA,1541181600,73,55.1,-105.3,26.6,4.7
419,Sibolga,56,ID,1541185290,100,1.74,98.78,68.18,2.04
420,Viedma,92,AR,1541185290,93,-40.81,-62.99,54.59,9.98
421,Palmer,75,AU,1541183400,67,-34.85,139.16,60.8,14.99
422,Axim,48,GH,1541185291,100,4.87,-2.24,80.78,10.98
423,Otaru,0,JP,1541185291,100,43.18,140.99,40.6,6.4
424,Touros,0,BR,1541185291,66,-5.2,-35.46,85.51,15.46
425,Ixtapa,90,MX,1541180940,74,20.71,-105.21,82.4,1.92
426,Omboue,0,GA,1541185292,100,-1.57,9.26,79.93,8.3
427,Matagami,24,NG,1541185292,82,9.67,8.4,73.27,5.06
428,Saint Anthony,40,US,1541183220,60,43.97,-111.68,53.96,21.92
429,Orotukan,20,RU,1541185293,75,62.26,151.67,-1.21,2.71
430,Beyneu,0,KZ,1541185293,68,45.32,55.19,18.37,2.93
431,Anadyr,90,RU,1541181600,92,64.73,177.51,24.8,6.71
432,Menomonie,75,US,1541183760,65,44.88,-91.92,46.4,3.36
433,Dali,0,CN,1541185294,100,25.6,100.24,38.98,1.7
434,Panzhihua,0,CN,1541185294,81,26.59,101.72,38.62,2.04
435,Haines Junction,36,CA,1541185295,100,60.75,-137.51,-2.65,2.37
436,Las Vegas,1,US,1541182500,26,36.17,-115.15,71.6,3.15
437,Lata,92,IN,1541185365,100,30.78,78.62,41.9,1.36
438,Celestun,92,MX,1541185296,100,20.87,-90.4,75.25,15.57
439,Jogindarnagar,92,IN,1541185296,99,31.98,76.77,48.88,2.37
440,Evensk,0,RU,1541185297,100,61.92,159.24,11.48,7.29
441,Luorong,0,CN,1541185297,69,24.41,109.6,51.4,3.27
442,Kolondieba,0,ML,1541185297,53,11.09,-6.89,84.25,7.63
443,Yakeshi,76,CN,1541185367,73,49.28,120.73,28.85,10.09
444,Sturgeon Bay,90,US,1541181360,55,44.83,-87.38,42.98,9.17
445,Ossora,64,RU,1541185298,100,59.24,163.07,23.68,18.14
446,San Matias,75,HN,1541185200,54,13.97,-86.63,78.8,11.41
447,Turayf,75,SA,1541181600,33,31.68,38.65,59.0,6.93
448,Tazovskiy,64,RU,1541185299,79,67.47,78.7,10.81,20.71
449,Kavieng,48,PG,1541185300,100,-2.57,150.8,80.2,4.94
450,San Patricio,68,PY,1541185300,76,-26.98,-56.83,84.2,6.73
451,Ohangaron,0,UZ,1541181600,74,40.91,69.65,33.8,0.92
452,Beipiao,0,CN,1541185371,87,41.8,120.76,43.93,8.97
453,Port Macquarie,88,AU,1541181600,68,-31.43,152.91,69.8,1.12
454,Port Lincoln,92,AU,1541185302,91,-34.72,135.86,59.0,12.66
455,Comodoro Rivadavia,75,AR,1541181600,48,-45.87,-67.48,62.6,11.41
456,Saint-Louis,0,CH,1541183400,93,47.59,7.56,48.2,3.36
457,Tanout,0,NE,1541185303,9,14.97,8.88,79.3,7.63
458,Buchanan,75,LR,1541179800,74,5.88,-10.05,86.0,5.82
459,Acopiara,0,BR,1541185303,32,-6.09,-39.45,93.83,7.74
460,Coolum Beach,48,AU,1541185304,100,-26.53,153.09,66.25,5.73
461,Boo,32,NG,1541185304,75,7.44,8.9,83.48,4.38
462,Burns Lake,20,CA,1541185304,98,54.23,-125.76,38.71,5.73
463,Aklavik,40,CA,1541181600,92,68.22,-135.01,14.0,5.82
464,Staryy Nadym,68,RU,1541185305,81,65.61,72.68,15.35,19.15
465,Mount Pleasant,1,US,1541182500,40,33.16,-94.97,68.0,10.29
466,Solone,0,UA,1541183400,81,48.2,34.88,44.6,2.24
467,Karratha,0,AU,1541185307,56,-20.74,116.85,72.5,7.96
468,Narsipatnam,24,IN,1541185307,97,17.67,82.61,77.9,3.6
469,Indramayu,92,ID,1541185307,96,-4.05,103.78,70.88,2.82
470,Samarai,80,PG,1541185308,100,-10.62,150.67,79.34,13.89
471,Egvekinot,88,RU,1541185308,83,66.32,-179.17,13.6,2.59
472,Sile,1,US,1541184780,45,35.56,-106.37,55.4,9.17
473,Swidnik,8,PL,1541185308,86,51.22,22.7,56.48,6.29
474,Tigil,80,RU,1541185309,75,57.8,158.67,16.75,2.93
475,Ekhabi,20,RU,1541185310,86,53.51,142.97,36.59,11.21
476,Faya,20,SA,1541181600,72,18.39,42.45,66.2,4.7
477,Tarko-Sale,80,RU,1541185310,81,64.92,77.78,15.08,22.5
478,Mackay,90,CA,1541183940,100,53.65,-115.58,30.2,2.24
479,Walajapet,92,IN,1541185311,96,12.92,79.37,73.81,3.6
480,Donauworth,75,DE,1541182800,87,48.7,10.8,48.38,4.7
481,Erenhot,80,CN,1541185312,87,43.65,111.97,36.01,6.17
482,Bandarbeyla,0,SO,1541185312,100,9.49,50.81,79.03,11.43
483,Salalah,75,OM,1541181000,78,17.01,54.1,80.6,3.36
484,Senta,92,RS,1541182500,68,45.93,20.08,64.4,9.17
485,Nabire,8,ID,1541185313,96,-3.36,135.5,66.97,1.7
486,Pearl Lagoon,40,NI,1541181600,83,12.34,-83.67,82.4,4.7
487,Novikovo,0,UA,1541185314,100,45.05,34.56,45.68,3.94
488,Peterhead,75,AU,1541183400,67,-34.83,138.5,60.8,14.99
489,Ban Phaeo,0,TH,1541183400,78,13.59,100.11,77.0,4.16
490,Belmonte,8,PT,1541185315,93,40.36,-7.35,52.75,3.71
491,Kailua,75,US,1541184180,100,21.39,-157.74,78.98,3.36
492,Buta,68,CD,1541185316,83,2.79,24.73,77.32,2.93
493,Mitsamiouli,20,KM,1541181600,69,-11.38,43.28,80.6,9.17
494,Cuamba,64,MZ,1541185316,39,-14.8,36.54,79.03,4.72
495,Panaba,44,MX,1541185317,54,21.28,-88.27,91.63,4.05
496,Hobyo,0,SO,1541185317,87,5.35,48.53,77.68,9.75
497,Cascais,75,PT,1541183400,87,38.7,-9.42,64.4,9.17
498,Praxedis Guerrero,1,MX,1541181480,33,31.37,-106.02,62.06,4.16
499,Kotelnich,88,RU,1541185318,98,58.31,48.34,36.05,4.38
500,Adamovka,88,RU,1541185318,90,51.52,59.94,34.52,13.0
501,Nizhnevartovsk,75,RU,1541181600,85,60.93,76.58,24.8,15.66
502,Nerchinskiy Zavod,36,RU,1541185319,46,51.31,119.61,19.49,5.73
503,Zhigansk,12,RU,1541185319,67,66.77,123.37,-0.81,8.19
504,Rocha,36,UY,1541185319,57,-34.48,-54.34,69.4,8.75
505,Manyana,0,AU,1541183400,50,-35.26,150.51,75.2,18.34
506,Kakhi,90,AZ,1541181600,76,41.42,46.93,51.8,4.7
507,Puerto Carreno,40,CO,1541181600,55,6.19,-67.49,91.4,3.49
508,Mana,0,RS,1541183400,87,43.52,20.24,60.8,9.17
509,Qasigiannguit,75,GL,1541184600,56,68.82,-51.19,14.0,19.46
510,Kargil,88,PK,1541185321,91,34.56,76.13,14.54,1.14
511,George,20,NG,1541181600,88,6.63,3.35,80.6,4.7
512,Back Mountain,90,US,1541181240,69,41.34,-76.0,64.04,8.05
513,Tommot,68,RU,1541185323,56,58.97,126.27,15.13,9.31
514,Vestmanna,64,FO,1541182800,81,62.16,-7.17,42.8,18.34
515,Mikhaylovka,48,RU,1541185324,85,52.96,103.29,11.93,3.38
516,Tokmak,0,UA,1541185325,63,47.26,35.7,47.17,11.77
517,Clyde River,75,CA,1541181600,72,70.47,-68.59,14.0,8.05
518,Mookane,0,BW,1541185325,26,-23.68,26.66,78.31,10.65
